price,location,features,expensas,disposition,seniority,description,url
USD 76.000,"Floresta, Capital Federal","['44 m² tot.', '1 amb.', '1 baño']",,Frente,,"Departamento de 1 ambiente a estrenar - Pronta entregaEdificio sobre importante avenida, cercano a Av. Rivadavia, todos los medios de transporte y a una importante zona comercial. La unidad: monoambie",https://www.zonaprop.com.ar/propiedades/clasificado/veclapin-monoambiente-pronto-a-entregar-8-a-56058335.html?n_src=Listado&n_pg=1&n_pos=1
Consultar precio,"Balvanera, Capital Federal","['80 m² tot.', '3 amb.', '2 dorm.', '2 baños']",,,,"- Unidad de tres ambientes con dos baños completos (uno en suite) y cocina separada- Apenas ingresamos, nos encontramos con el comedor, living y balcón, el cual tiene un gran ventanal y permite el ing",https://www.zonaprop.com.ar/propiedades/clasificado/veclapin-unidad-a-estrenar-3-amb-human-abasto-56655625.html?n_src=Listado&n_pills=Laundry&n_pg=1&n_pos=2
USD 300.000,"Recoleta, Capital Federal","['130 m² tot.', '4 amb.', '3 dorm.', '3 baños', '1 coch.']",$ 520.000 Expensas,Frente,,"Paraná y Arenales – A metros de Plaza Vicente LópezExcelente departamento de 4 ambientes al frente con dependencia y cochera fija. Cuenta con palier privado, amplio living comedor con salida a balcón ",https://www.zonaprop.com.ar/propiedades/clasificado/veclapin-parana-y-arenales-a-m-de-plaza-vicente-lopez-4-57494247.html?n_src=Listado&n_pills=Dormitorio+en+suite&n_pg=1&n_pos=3
USD 150.000,"Villa Pueyrredón, Capital Federal","['2 un.', '3 amb.', '58 a 68 m² tot.', 'Parrilla', 'Solarium', 'Balcón', 'Terraza']",,Frente,,"Excelentes semipisos de 3 y 4 ambientes con cocheras cubiertas optativas. El emprendimiento se encuentra en el barrio de Villa Pueyrredon, con excelentes accesos a Av. San Martin, Gral. Paz, Metrobus ",https://www.zonaprop.com.ar/propiedades/emprendimiento/ememvein-llavallol-4528-57183516.html?n_src=Listado&n_pg=1&n_pos=4
USD 135.000,"Palermo, Capital Federal","['54 m² tot.', '2 amb.', '1 dorm.', '1 baño']",,Frente,,"_ Departamento de un dormitorio en venta ubicado sobre María Catalina Marchi (Palermo, Ciudad Autónoma de Buenos Aires). Desarrollado en primer piso por escalera, con disposición frente y orientación ",https://www.zonaprop.com.ar/propiedades/clasificado/veclapin-departamento-en-venta-1-dormitorio-1-bano-palermo-56871026.html?n_src=Listado&n_pills=Luminoso&n_pg=1&n_pos=5
USD 76.000,"Centro / Microcentro, Capital Federal","['57 m² tot.', '2 amb.', '1 dorm.', '1 baño']",,Frente,,"Retasado!! Edificio Clásico de Categoría en zona Plaza San Martín, frente al Shopping ""Galerías Pacífico"" y a metros de Florida. Excelentes Vistas. Dos unidades al frente anexadas de 56. 8 m2 cada una",https://www.zonaprop.com.ar/propiedades/clasificado/veclapin-departamento-en-venta-en-centro-capital-federal-57851675.html?n_src=Listado&n_pg=1&n_pos=6
USD 570.000,"Palermo Chico, Palermo","['105 m² tot.', '3 amb.', '2 dorm.', '4 baños', '1 coch.']",$ 590.000 Expensas,Frente,,"Ubicado en el prestigioso barrio de Palermo Chico, este magnífico semipiso a estrenar representa lo mejor en términos de lujo y diseño, concebido por el renombrado Estudio Brukman Mansilla. Este exclu",https://www.zonaprop.com.ar/propiedades/clasificado/veclapin-departamento-en-palermo-57935285.html?n_src=Listado&n_pills=SUM&n_pg=1&n_pos=7
USD 915.494,"Belgrano, Capital Federal","['9 un.', '4 amb.', '175 a 350 m² tot.', 'Gimnasio', 'Parrilla', 'Pileta', 'Solarium', 'Balcón']",,,,"Serene – Redefine el lujo en Bajo BelgranoEn la esquina de Ramsay y Sucre, en el corazón del Bajo Belgrano, surge Serene, un desarrollo de alto nivel pensado para quienes valoran amplitud, diseño y ca",https://www.zonaprop.com.ar/propiedades/emprendimiento/ememvein-serene-bajo-belgrano-57578789.html?n_src=Listado&n_pg=1&n_pos=8
USD 220.000,"Recoleta, Capital Federal","['95 m² tot.', '4 amb.', '2 dorm.', '2 baños']",$ 180.000 Expensas,,,"Departamento de 4 ambientes en Av. Callao- Cuenta con 2 dormitorios y un escritorio. Espacios ideales para descansar y trabajar, adaptándose a tus necesidades. - Piso alto con vista hermosa: Disfruta ",https://www.zonaprop.com.ar/propiedades/clasificado/veclapin-departamento-en-recoleta-4-ambientes-luminoso-piso-57860141.html?n_src=Listado&n_pills=Apto+cr%C3%A9dito&n_pg=1&n_pos=9
USD 420.000,"Belgrano R, Belgrano","['177 m² tot.', '2 amb.', '1 dorm.', '2 baños', '1 coch.']",$ 730.760 Expensas,Frente,,Espectacular departamento. Super luminoso. Terraza propia con jacuzzi Y parrilla. Vista abierta. Full amenities! Con cochera Espectacular living comedor con cocina integrada. Dormitorio en suite con v,https://www.zonaprop.com.ar/propiedades/clasificado/veclapin-espectacular-departamento!-super-luminoso!-54892726.html?n_src=Listado&n_pills=Dormitorio+en+suite&n_pg=1&n_pos=10
USD 133.000,"Palermo Nuevo, Palermo","['53 m² tot.', '3 amb.', '2 dorm.', '1 baño']",$ 165.000 Expensas,Frente,,"Excelente oportunidad en Palermo Nuevo. Departamento de 3 ambientes a la calle, con balcón aterrazado que fue anexado a la parte cubierta, logrando un total de 54 m² cubiertos (41 m² cubiertos + 12 m²",https://www.zonaprop.com.ar/propiedades/clasificado/veclapin-venta-3-ambientes-balcon-aterrazado-con-cerramiento-57892288.html?n_src=Listado&n_pills=Encargado&n_pg=1&n_pos=11
USD 75.000,"Villa Luro, Capital Federal","['19 un.', '1 a 3 amb.', '31 a 82 m² tot.', 'Parrilla', 'Solarium', 'Balcón', 'Balcón']",,Frente,,"¡Gran emprendimiento frente a Plaza Los Andes! El proyecto corresponde a un edificio de 11 pisos emplazado en el barrio de Villa Luro. Cuenta con departamentos de 1, 2, 3 y 4 ambientes, todos con balc",https://www.zonaprop.com.ar/propiedades/emprendimiento/ememvein-puerta-del-sol-55973786.html?n_src=Listado&n_pg=1&n_pos=12
USD 299.000,"Belgrano, Capital Federal","['53 m² tot.', '2 amb.', '1 dorm.', '1 baño', '1 coch.']",$ 313.977 Expensas,,,Departamento en venta | belgrano - Capital Federal | 2 ambientes. Departamento a estrenar en Edificio Caruso de gran categoría. Living comedor a balcón aterrazado - Dormitorio con placard - Baño compl,https://www.zonaprop.com.ar/propiedades/clasificado/veclapin-oppel-departamento-en-venta-belgrano-capital-47915363.html?n_src=Listado&n_pills=Encargado&n_pg=1&n_pos=13
USD 990.000,"Palermo, Capital Federal","['175 m² tot.', '3 amb.', '2 dorm.', '2 baños', '1 coch.']",$ 949.400 Expensas,,,"Nuevo valor retasado! impecable penthouse en torre mirabilia! , único en la Ciudad por su ubicación y altura. Duplex con imponentes vistas desde toda la planta. En pisos 45/46, con terraza propia. Exc",https://www.zonaprop.com.ar/propiedades/clasificado/veclapin-unico-penthouse-en-torre-mirabilia-palermo-57477272.html?n_src=Listado&n_pills=Parrilla&n_pg=1&n_pos=14
USD 143.000,"Almagro, Capital Federal","['67 m² tot.', '3 amb.', '2 dorm.', '1 baño']",$ 192.550 Expensas,Frente,10 años,Impecable departamento. Es muy luminoso y está ubicado al frente en edificio en esquina con su orientación al norte. Cuenta con un living y comedor en L (originalmente 2º dormitorio) con salida a un b,https://www.zonaprop.com.ar/propiedades/clasificado/veclapin-venta-departamento-3-ambientes-al-frente-amplio-57613193.html?n_src=Listado&n_pg=1&n_pos=15
USD 151.900,"Belgrano, Capital Federal","['24 un.', '2 a 5 amb.', '60 a 209 m² tot.', 'Gimnasio', 'Pileta', 'Balcón', 'Terraza']",,,20 años,"Proyecto con planos aprobados-Proyecto Ubicado en pleno corazón de Belgrano, sobre la Avenida Cramer, a metros de Av. Monroe, con rápida conexión hacia Av. Cabildo y Av. Congreso. Rodeado de comercios",https://www.zonaprop.com.ar/propiedades/emprendimiento/ememvein-sky-cramer-2725-57863539.html?n_src=Listado&n_pg=1&n_pos=16
USD 72.500,"Cid Campeador, Caballito","['38 m² tot.', '1 amb.', '1 dorm.', '1 baño']",$ 80.000 Expensas,Frente,,"Monoambiente al frente en excelente ubicación en Caballito. Muy luminoso, con orientación norte y gran ventanal a la calle. Cocina independiente con buena ventilación, baño completo y ambiente amplio.",https://www.zonaprop.com.ar/propiedades/clasificado/veclapin-departamento-de-2-ambientes-en-venta-en-caballito-57304636.html?n_src=Listado&n_pg=1&n_pos=17
USD 139.000,"San Nicolás, Capital Federal","['76 m² tot.', '4 amb.', '3 dorm.']",$ 130.000 Expensas,Frente,,"Piso de 4 ambientes, con 3 dormitorios, en cuarto piso al frente en Paraná al 600, barrio San Nicolás. Espacios amplios, distribución funcional, balcón al frente, cocina independiente, living comedor ",https://www.zonaprop.com.ar/propiedades/clasificado/veclapin-piso-de-estilo-en-parana-al-600-57823851.html?n_src=Listado&n_pills=Luminoso&n_pg=1&n_pos=18
USD 1.750.000,"Palermo Chico, Palermo","['343 m² tot.', '7 amb.', '4 dorm.', '4 baños', '1 coch.']",$ 1.625.000 Expensas,,,"Piso en Torre Santours I, proyectada por el Arq. Mario Roberto Álvarez. Amplio hall de entrada. Doble living con salida a balcón de 35 m² con vista panorámica a la avenida, bosques y ciudad. Comedor i",https://www.zonaprop.com.ar/propiedades/clasificado/veclapin-av-del-libertador-y-san-martin-de-tours-57809002.html?n_src=Listado&n_pills=Dormitorio+en+suite&n_pg=1&n_pos=19
USD 77.000,"San Cristobal, Capital Federal","['24 un.', '1 a 3 amb.', '32 a 98 m² tot.', 'Gimnasio', 'Parrilla', 'Pileta', 'Solarium', 'Balcón', 'Terraza']",,Frente,,"14 pisos con full amenities, unidades de 1 a 3 ambientes, entrega Abril 2026. Consultá financiación a 36 meses. Ubicado en una zona estratégica al sur de la Capital Federal y en pleno desarrollo, cone",https://www.zonaprop.com.ar/propiedades/emprendimiento/ememvein-bah-av-independencia-2553-56948208.html?n_src=Listado&n_pg=1&n_pos=20
USD 155.000,"Villa Lugano, Capital Federal","['96 m² tot.', '3 amb.', '2 dorm.', '1 baño']",,,,"Venta departamento 3 ambientes en dúplex con 2 balcones aterrazados en Villa Lugano, cabaimpecable departamento en dúplex, ubicado a metros de acceso Autopista Dellepiane. 3 ambientes, cocina integrad",https://www.zonaprop.com.ar/propiedades/clasificado/veclapin-venta-departamento-3-ambientes-en-duplex-con-2-57734697.html?n_src=Listado&n_pills=Apto+cr%C3%A9dito&n_pg=1&n_pos=21
USD 256.300,"Villa Crespo, Capital Federal","['104 m² tot.', '4 amb.', '3 dorm.', '2 baños', '1 coch.']",,Frente,,"Metropolitan porteño ii. Torre de categoría con unidades de 2, 3 Y 4 ambientes Y amenities. Entrega noviembre 2023. -Ubicado en el barrio de Villa Crespo, a pasos de Av. Corrientes y Juan B. Justo. Co",https://www.zonaprop.com.ar/propiedades/clasificado/veclapin-4-ambientes-en-torre-con-amenities-villa-crespo-55053157.html?n_src=Listado&n_pills=SUM&n_pg=1&n_pos=22
USD 695.000,"Belgrano, Capital Federal","['140 m² tot.', '4 amb.', '2 dorm.', '4 baños', '1 coch.']",$ 761.463 Expensas,,,Departamento en venta | belgrano - Capital Federal | 4 ambientes. Departamento de 2 dormitorios con dependencia en excelente estado. Gran luminosidad y vistas abiertas. En edificio moderno con infraes,https://www.zonaprop.com.ar/propiedades/clasificado/veclapin-oppel-departamento-en-venta-belgrano-capital-57541851.html?n_src=Listado&n_pills=Pileta&n_pg=1&n_pos=23
USD 1.149.000,"Belgrano, Capital Federal","['315 m² tot.', '7 amb.', '3 dorm.', '3 baños', '2 coch.']",$ 1.500.000 Expensas,,,"Exclusivo departamento en venta en Barrancas de Belgrano, con vistas panorámicas al río y a la ciudad de 360º. El departamento cuenta con hall de entrada con paredes de madera, toilette de recepción c",https://www.zonaprop.com.ar/propiedades/clasificado/veclapin-departamento-en-venta-en-barrancas-de-belgrano-de-7-57602850.html?n_src=Listado&n_pills=Terraza&n_pg=1&n_pos=24
USD 79.000,"La Boca, Capital Federal","['57 m² tot.', '3 amb.', '2 dorm.', '1 baño', '1 coch.']",$ 200.000 Expensas,,,Corredor Responsable: power bienes raíces S. R. L. - Sabrina Cocconi cpi 6800 / cmcpsi 6258- Contacto: Joaquín Gómez. Departamento 3 ambientes con vista abierta y cochera – La Boca. Ubicado en Gral. G,https://www.zonaprop.com.ar/propiedades/clasificado/veclapin-venta-dpto-3-ambientes-con-cochera-la-boca-57909961.html?n_src=Listado&n_pills=Apto+cr%C3%A9dito&n_pg=1&n_pos=25
USD 110.000,"Villa Urquiza, Capital Federal","['50 m² tot.', '2 amb.', '1 dorm.', '1 baño']",$ 62.000 Expensas,Frente,,"Departamento de 2 Ambientes con Balcón y lavadero independiente, bajas expensas – Muy Luminoso – Villa UrquizaCaracteristicas de la unidad: 2 ambientes ubicado al contrafrente, con excelente luminosid",https://www.zonaprop.com.ar/propiedades/clasificado/veclapin-departamento-en-villa-urquiza-venta-2-ambientes-con-57638387.html?n_src=Listado&n_pills=Luminoso&n_pg=1&n_pos=26
USD 140.000,"Palermo, Capital Federal","['62 m² tot.', '2 amb.', '1 dorm.', '1 baño']",$ 70.000 Expensas,Frente,,"Departamento dos ambientes con gran balcon terraza propia Y parrillaideal primera vivienda, O inversion para renta ( cercania up Y hospitales) ¡por favor leer atentamente la descripción, info adiciona",https://www.zonaprop.com.ar/propiedades/clasificado/veclapin-dos-ambientes-en-venta-palermo-con-terraza-57478931.html?n_src=Listado&n_pills=Terraza&n_pg=1&n_pos=27
USD 749.000,"Núñez, Capital Federal","['136 m² tot.', '4 amb.', '3 dorm.', '3 baños', '1 coch.']",$ 1 Expensas,Frente,,Quantum belliniunidad de 4 amb en piso alto torre arribenos. corresponde A unidad 04. 3 dormitorios con el principal en suite Y vestidor. incluye toilette de recepcion. vista abierta al rio. unidad pa,https://www.zonaprop.com.ar/propiedades/clasificado/veclapin-quantum-bellini-4-amb-a-estrenar-torre-arribenos-53445012.html?n_src=Listado&n_pills=Pileta&n_pg=1&n_pos=28
USD 295.000,"Las Cañitas, Palermo","['75 m² tot.', '3 amb.', '2 dorm.', '2 baños', '1 coch.']",$ 344.000 Expensas,,,"Venta con renta, vence Diciembre 2026. Espectacular 3 ambientes con cochera en lo mejor de Cañitas: Chenaut y Baez. Piso altísimo super luminoso! En excelente estado, recién pintado! La torre cuenta c",https://www.zonaprop.com.ar/propiedades/clasificado/veclapin-venta-hermoso-3-ambientes-c-cochera-piso-alto-57751396.html?n_src=Listado&n_pills=Luminoso&n_pg=1&n_pos=29
USD 129.900,"Barracas, Capital Federal","['49 m² tot.', '2 amb.', '1 dorm.', '1 baño']",,,60 años,Departamento en Venta 49. 70 m2 de 2 ambientes en Barracas. “moca 2&quot; - El corazón de Barracas. Equipamiento destacado:. Agua caliente central.. Aire acondicionado frío/calor instalado.. Carpinter,https://www.zonaprop.com.ar/propiedades/clasificado/veclapin-departamento-en-venta-en-barracas-49.70-m-sup2--de-2-54545014.html?n_src=Listado&n_pills=Pileta&n_pg=1&n_pos=30
USD 129.999,"Villa Devoto, Capital Federal","['75 m² tot.', '3 amb.', '2 dorm.', '1 baño']",$ 150.000 Expensas,Frente,,Atencion excelente oportunidad de compra en el barrio de villa devoto se trata de un departamento de 3 ambientes al frente super luminoso de verdad con un hermoso Y amplio living Y comedor con gran vi,https://www.zonaprop.com.ar/propiedades/clasificado/veclapin-departamento-en-venta-de-3-ambientes-en-villa-devoto-56607737.html?n_src=Listado&n_pills=Encargado&n_pg=2&n_pos=1
USD 93.500,"Monte Castro, Capital Federal","['44 m² tot.', '2 amb.', '1 dorm.', '1 baño']",,Frente,,"Venta 2 ambientes A estrenar en monte castrola unidad se encuentra en el 1° piso, con un amplio balcón a calle Lascano y el dormitorio con ventanal a Pasaje Verdi. el espacio cubierto esta equipado co",https://www.zonaprop.com.ar/propiedades/clasificado/veclapin-departamento-2-ambientes-en-monte-castro-a-estrenar-57436372.html?n_src=Listado&n_pills=Pileta&n_pg=2&n_pos=2
USD 105.000,"Villa Santa Rita, Capital Federal","['44 m² tot.', '2 amb.', '1 dorm.', '1 baño']",,Frente,,"Departamento semipiso a Estrenar En villa santa RitaExcelente Semipiso de categoría en piso 5, ubicado en el barrio de villa santa rita, ingresando a la propiedad nos encontramos con un amplio living ",https://www.zonaprop.com.ar/propiedades/clasificado/veclapin-venta-departamento-dos-ambientes-a-estrenar-57167881.html?n_src=Listado&n_pills=Dormitorio+en+suite&n_pg=2&n_pos=3
USD 183.152,"Caballito Sur, Caballito","['35 un.', '2 a 5 amb.', '59 a 256 m² tot.', 'Parrilla', 'Pileta', 'Solarium', 'Balcón', 'Terraza']",,,,"Un jardin lleno de vida en el corazon de caballitoubicado en la av pedro goyena, la más destacada del barrio, se construirá un proyecto disruptivo de casas urbanas Y departamentos. 68 casas urbanas: v",https://www.zonaprop.com.ar/propiedades/emprendimiento/ememvein-goyena-portland-56318537.html?n_src=Listado&n_pg=2&n_pos=4
USD 240.000,"Caballito, Capital Federal","['100 m² tot.', '3 amb.', '2 dorm.', '2 baños', '1 coch.']",$ 190.000 Expensas,,,"Venta departamento 3 ambientes en caballito! Con cochera! Excelente oportunidad en el barrio de Caballito, a metros de Av. La Plata y con muy buen acceso a transporte, comercios y espacios verdes. El ",https://www.zonaprop.com.ar/propiedades/clasificado/veclapin-departamento-en-venta-en-caballito-capital-federal-56475848.html?n_src=Listado&n_pg=2&n_pos=5
USD 190.000,"Recoleta, Capital Federal","['46 m² tot.', '1 amb.', '1 coch.']",,Frente,,"&quot;torre iq&quot; recoleta - full amenities spa - venta monoambiente recoletarecoleta – Callao y Las HerasApto profesional | Ideal renta / AirbnbMonoambiente en venta ubicado en Recoleta, en una de",https://www.zonaprop.com.ar/propiedades/clasificado/veclapin-torre-iq-categoria-spa-ideal-inversion-renta-57936749.html?n_src=Listado&n_pills=Laundry&n_pg=2&n_pos=6
USD 270.000,"Caballito Sur, Caballito","['110 m² tot.', '4 amb.', '3 dorm.', '2 baños']",$ 250.000 Expensas,Frente,,"_ Departamento de tres dormitorios en venta ubicado sobre Avenida Avellaneda entre Almirante Seguí y José Juan Biedma (Caballito, Ciudad Autónoma de Buenos Aires). Desarrollado en primer piso por asce",https://www.zonaprop.com.ar/propiedades/clasificado/veclapin-departamento-en-venta-3-dorm.-3-banos-110-m-sup2-57752715.html?n_src=Listado&n_pills=Laundry&n_pg=2&n_pos=7
USD 131.800,"Boedo, Capital Federal","['21 un.', '2 a 5 amb.', '56 a 168 m² tot.', 'Balcón', 'Terraza']",,Frente,,"El edificio cuenta con unidades de 2, 3, 4 y 5 ambientes posee un luminoso hall de entrada, 2 ascensores amplios con la última tecnología del mercado. Las cocheras se sitúan en subsuelo y planta baja.",https://www.zonaprop.com.ar/propiedades/emprendimiento/ememvein-muniz-1060-54386487.html?n_src=Listado&n_pg=2&n_pos=8
USD 108.000,"Centro / Microcentro, Capital Federal","['50 m² tot.', '3 amb.', '2 dorm.', '1 baño']",,,,"Apto credito!! Espectacular departamento de 3 ambientes, ubicado en una de las calles más importantes de Microcentro, a pasos de Av. Santa Fe, rodeado de múltiples accesos de transporte. El departamen",https://www.zonaprop.com.ar/propiedades/clasificado/veclapin-departamento-de-3-ambientes-en-venta-en-microcentro-55638395.html?n_src=Listado&n_pills=Apto+cr%C3%A9dito&n_pg=2&n_pos=9
USD 181.800,"Palermo, Capital Federal","['55 m² tot.', '2 amb.', '1 dorm.', '2 baños']",$ 67.000 Expensas,Frente,,"Edificio de Categoría de excelente calidad constructiva ubicado en la Avenida Honduras 3840 entre Jerónimo Salguero y Bulnes pleno barrio de Palermo, a pasos del shopping Alto Palermo y Avenidas Santa",https://www.zonaprop.com.ar/propiedades/clasificado/veclapin-venta:-2-ambientes-de-mucha-categoria-sum-piscina-57656037.html?n_src=Listado&n_pills=Parrilla&n_pg=2&n_pos=10
USD 103.400,"Constitución, Capital Federal","['47 m² tot.', '2 amb.', '1 dorm.', '1 baño']",,,,"Venta con renta hasta fin de año. Monoambiente en Zona Céntrica, Capital FederalA estrenar ¡¡dos ambientes en distrito uade! full amenitiesexcelente ventilacionmuy luminosoamplisimo balcon aterrazadop",https://www.zonaprop.com.ar/propiedades/clasificado/veclapin-dos-ambientes-a-estrenar-full-amenities-56200472.html?n_src=Listado&n_pills=SUM&n_pg=2&n_pos=11
USD 75.000,"Caballito, Capital Federal","['7 un.', '1 a 2 amb.', '30 a 53 m² tot.', 'Parrilla', 'Solarium', 'Balcón']",,Frente,,"Bogota 883 se encuentra en una zona residencial de Caballito. Es uno de los barrios más emblemáticos de Buenos Aires cuenta con inmejorables arterias de conexión, cercano a variadas opciones comercial",https://www.zonaprop.com.ar/propiedades/emprendimiento/ememvein-bogota-883-56949783.html?n_src=Listado&n_pg=2&n_pos=12
USD 123.000,"Monserrat, Capital Federal","['38 m² tot.', '1 amb.', '1 baño']",,Frente,,"Edificio de gran categoría, con muy buenas terminaciones y local en pb. full amenities: pisicina, sum, parrillas, gym. Excelente ubicación en calle Venezeula 964, entre 9 de Julio y Tacuari. A metros ",https://www.zonaprop.com.ar/propiedades/clasificado/veclapin-departamento-monserrat-55416215.html?n_src=Listado&n_pills=Parrilla&n_pg=2&n_pos=13
USD 265.000,"Belgrano, Capital Federal","['91 m² tot.', '3 amb.', '2 dorm.', '2 baños', '1 coch.']",$ 490.000 Expensas,Frente,,"Luminoso departamento en 6° piso contrafrente reciclado a nuevo en baños, cocina, instalación eléctrica y de servicios ( agua y cloacales) Excelente ubicación: A 2 cuadras de Av. Cabildo y Juramento, ",https://www.zonaprop.com.ar/propiedades/clasificado/veclapin-departamento-en-venta-en-belgrano-3-ambientes-con-57109827.html?n_src=Listado&n_pills=Apto+cr%C3%A9dito&n_pg=2&n_pos=14
USD 649.000,"Belgrano, Capital Federal","['249 m² tot.', '5 amb.', '3 dorm.', '3 baños', '2 coch.']",$ 1.000.000 Expensas,Frente,,"Corredor Responsable: Silvia Vergara cpi 7783 / cmcpsi 6672- Contacto: Loli Arazi. nuevo valor, se escuchan ofertas. amplio departamento semipiso de 5 ambientes con escritorio con dos espacios guardac",https://www.zonaprop.com.ar/propiedades/clasificado/veclapin-depto-5-amb-venta-belgrano-torre-2-coch-amenities-57890128.html?n_src=Listado&n_pills=Encargado&n_pg=2&n_pos=15
USD 465.000,"Núñez, Capital Federal","['11 un.', '3 a 5 amb.', '90 a 360 m² tot.', 'Gimnasio', 'Parrilla', 'Pileta', 'Solarium', 'Balcón', 'Balcón', 'Terraza', 'Terraza', 'Terraza']",,,,"El proyecto mas exclusivo de Nuñez2 torres de categoria, 42 pisos Torre Libertador y 33 pisos torre Arribeñoscomparten 4 subsuelos de cocheras y 3 pisos de amenities de lujo y confort como un hotel 5 ",https://www.zonaprop.com.ar/propiedades/emprendimiento/ememvein-quantum-bellini-56473772.html?n_src=Listado&n_pg=2&n_pos=16
USD 178.000,"Recoleta, Capital Federal","['76 m² tot.', '3 amb.', '2 dorm.', '2 baños']",$ 207.000 Expensas,Frente,,"Departamento de 3 ambientes con distribución flexible, adaptable a distintos usos. Unidad lista para ingresar o generar renta inmediata. Buena aislación y dvh en parte de la propiedad. •Balcón aterraz",https://www.zonaprop.com.ar/propiedades/clasificado/veclapin-departamento-3-ambientes-recoleta-balcon-57685202.html?n_src=Listado&n_pills=Apto+cr%C3%A9dito&n_pg=2&n_pos=17
USD 148.000,"Belgrano, Capital Federal","['45 m² tot.', '1 amb.', '1 baño']",,Frente,,"Corredor Responsable: Ariel Champanier cucicba 4330 / Andrea Berré cmcpsi 6763- Contacto: Cesar Rosenstein.. Departamento monoambiente en venta en Aurea Belgrano, torre premium en el barrio de Belgran",https://www.zonaprop.com.ar/propiedades/clasificado/veclapin-monoambiente-en-venta-en-belgrano-con-amenities-57929204.html?n_src=Listado&n_pills=Pileta&n_pg=2&n_pos=18
USD 890.000,"Recoleta, Capital Federal","['293 m² tot.', '5 amb.', '3 dorm.', '2 baños', '2 coch.']",$ 1.150.000 Expensas,,,"Piso ubicado en la calle Arroyo, rodeada de edificios de categoría, galerías de arte y cafés. El departamento se encuentra en un piso alto, lo que permite disfrutar de una vista maravillosa de la ciud",https://www.zonaprop.com.ar/propiedades/clasificado/veclapin-excelente-departamento-sobre-calle-arroyo-al-800-57829978.html?n_src=Listado&n_pills=Encargado&n_pg=2&n_pos=19
USD 152.000,"Villa Urquiza, Capital Federal","['8 un.', '1 a 5 amb.', '53 a 269 m² tot.', 'Gimnasio', 'Pileta', 'Parrilla', 'Balcón', 'Terraza', 'Solarium']",,Frente,,"Viví la experiencia de tu nuevo hogar en el corazón de Villa Urquiza, frente a la plaza Zapiola. Un proyecto exclusivo que combina diseño moderno, amplitud y la calidez de una casa con la comodidad de",https://www.zonaprop.com.ar/propiedades/emprendimiento/ememvein-exclusivos-departamentos-de-1-3-4-y-5-ambientes-en-57365735.html?n_src=Listado&n_pg=2&n_pos=20
USD 255.000,"Recoleta, Capital Federal","['124 m² tot.', '4 amb.', '3 dorm.', '2 baños']",$ 550.000 Expensas,,,Elegante departamento en venta en Recoleta. Edificio clásico. Increible ubicacion: A 2 cuadras de 9 de Julio y a 2 de Santa feReciclado a nuevo con detalles de categoria. Techos altos! Tiene 3 dormito,https://www.zonaprop.com.ar/propiedades/clasificado/veclapin-venta-departamento-4-ambientes-actualizado-a-57599363.html?n_src=Listado&n_pills=Dormitorio+en+suite&n_pg=2&n_pos=21
USD 110.000,"Belgrano R, Belgrano","['53 m² tot.', '3 amb.', '2 dorm.', '1 baño']",$ 100.000 Expensas,,,"Departamento 3 ambientes, interno segundo piso por escalera, luminoso ventilado, living comedor con ventanal, habitaciones funcionales, piso madera, cocina independiente, con lavadero independiente, b",https://www.zonaprop.com.ar/propiedades/clasificado/veclapin-departamento-en-venta-en-belgrano-r-capital-federal-57146133.html?n_src=Listado&n_pg=2&n_pos=22
USD 315.000,"Las Cañitas, Palermo","['126 m² tot.', '4 amb.', '3 dorm.', '1 baño', '1 coch.']",$ 540.000 Expensas,,50 años,[mel-Ver datos] 4 ambientes con espacio guarda coche asignado - apto crédito. Estupendo departamento de 3 ambientes (con posibilidad de un 3er dormitorio) Semi-piso luminoso y con orientación norte ti,https://www.zonaprop.com.ar/propiedades/clasificado/veclapin-3-ambientes-luminoso-con-cochera-en-las-canitas-apto-57903831.html?n_src=Listado&n_pills=Apto+cr%C3%A9dito&n_pg=2&n_pos=23
USD 159.000,"Villa Luro, Capital Federal","['92 m² tot.', '3 amb.', '2 dorm.', '2 baños']",$ 100.000 Expensas,Frente,,"El equilibrio perfecto entre amplitud, luz natural y vida urbana. Villa Luro - Pola al 100, entre Caaguazú y Ramón FalcónTe presentamos un departamento de 3 ambientes que rompe con lo convencional: 92",https://www.zonaprop.com.ar/propiedades/clasificado/veclapin-venta-departamento-tres-ambientes-balcon-57006889.html?n_src=Listado&n_pills=Luminoso&n_pg=2&n_pos=24
USD 119.900,"Villa Crespo, Capital Federal","['65 m² tot.', '2 amb.', '1 dorm.', '2 baños']",$ 65.000 Expensas,Frente,,"¡¡2 ambientes con dependencia en venta, en villa crespo!! ¡¡ingresamos por hall de entrada el cual nos dirige al amplio living comedor, super luminoso Y cómodo dormitorio principal con placard empotra",https://www.zonaprop.com.ar/propiedades/clasificado/veclapin--comodo-2-amb-con-dependencia-en-exc-ubicacion!-54748604.html?n_src=Listado&n_pills=Apto+cr%C3%A9dito&n_pg=2&n_pos=25
USD 195.000,"Palermo, Capital Federal","['76 m² tot.', '1 amb.', '1 dorm.', '1 baño']",$ 305.000 Expensas,,,"Departamento tipo loft en pleno Palermo nuevo, en la esquina de Salguero y Cabello, a tan solo 200mts de Av. Libertador y Parque Las Heras. Amplio living/estar con salida a balcón aterrazado. Cuenta c",https://www.zonaprop.com.ar/propiedades/clasificado/veclapin-depto-tipo-loft-con-terraza-en-venta-en-palermo-56869458.html?n_src=Listado&n_pills=Parrilla&n_pg=2&n_pos=26
USD 249.000,"Caballito, Capital Federal","['101 m² tot.', '3 amb.', '2 dorm.', '1 baño']",$ 190.000 Expensas,Frente,,"_ Departamento de un dormitorio en venta ubicado sobre calle Pergamino entre Coronel Ramón L. Falcón y Avenida Juan Bautista Alberdi (Mar del Plata, Buenos Aires). Desarrollado en piso alto por ascens",https://www.zonaprop.com.ar/propiedades/clasificado/veclapin-departamento-en-venta-2-dorm.-2-banos-caballito-57358551.html?n_src=Listado&n_pills=Luminoso&n_pg=2&n_pos=27
USD 50.000,"Villa Pueyrredón, Capital Federal","['28 m² tot.', '1 amb.', '1 baño']",$ 70.000 Expensas,,,Departamento monoambiente venta Villa Pueyrredón. Monoambiente a estrenar. Cocina con gas natural. Estufa tiro balanceado. Baño completo. Muy luminoso. Balcón semicubierto.,https://www.zonaprop.com.ar/propiedades/clasificado/veclapin-departamento-monoambiente-venta-villa-pueyrredon-47195114.html?n_src=Listado&n_pg=2&n_pos=28
USD 155.000,"Chacarita, Capital Federal","['79 m² tot.', '4 amb.', '3 dorm.', '1 baño']",$ 150.000 Expensas,Frente,,Propiedad apto credito venta de semipiso en chacarita - 4 to. Piso al frente super luminoso en todos sus ambientes estado de conservacion muy bueno puerta blindadapiso de parquet en excelente estado e,https://www.zonaprop.com.ar/propiedades/clasificado/veclapin-departamento-4-amb-en-venta-al-frente-57825338.html?n_src=Listado&n_pills=Terraza&n_pg=2&n_pos=29
USD 119.000,"Villa Urquiza, Capital Federal","['43 m² tot.', '2 amb.', '1 dorm.', '1 baño']",$ 175.000 Expensas,,50 años,[mel-Ver datos] Departamento de dos ambientes en edificio torre con vigilancia y vista abierta. La propiedad se ubica a tan solo 4 cuadras de la estación de tren Urquiza y de la estación de subte Juan,https://www.zonaprop.com.ar/propiedades/clasificado/veclapin-2-ambientes-en-venta-con-seguridad.-luminoso-villa-57806370.html?n_src=Listado&n_pills=Apto+cr%C3%A9dito&n_pg=2&n_pos=30
